chandan regmi,chandan1regmi@yahoo.com
prajil limbu,prajil.limbu@project.com
rajat drums,rajat.drums@project.com
sajan timilsina,sajan.timilsina@project.com
ram kumar,ram.kumar@project.com
new name,new.name@email.com
